<?xml version="1.0" encoding="UTF-8"?>
<plannerBenchmark>
  <benchmarkDirectory>benchmark/data/test</benchmarkDirectory>
  <parallelBenchmarkCount>AUTO</parallelBenchmarkCount>

  <inheritedSolverBenchmark>
    <problemBenchmarks>
      <solutionFileIOClass>com.phqtime.phqtimetable.PhqSolutionFileReader</solutionFileIOClass>
      <inputSolutionFile>benchmark/data/unresolved/134Patient-136Practioner.xml</inputSolutionFile>
    </problemBenchmarks>
	<solver>
	  <scanAnnotatedClasses/>
      <scoreDirectorFactory>
        <scoreDrl>com/phqtime/phqtimetable/ScoreRules.drl</scoreDrl>
      </scoreDirectorFactory>
      <termination>
    	<minutesSpentLimit>5</minutesSpentLimit>
  	  </termination>
    </solver>
  </inheritedSolverBenchmark>

  <solverBenchmark>
    <name>First Fit Decreasing</name>
    <solver>
      <constructionHeuristic>
        <constructionHeuristicType>FIRST_FIT_DECREASING</constructionHeuristicType>
      </constructionHeuristic>
      <localSearch>
      </localSearch>
    </solver>
  </solverBenchmark>

  <solverBenchmark>
    <name>Tabu Search</name>
    <solver>
      <constructionHeuristic>
        <constructionHeuristicType>FIRST_FIT_DECREASING</constructionHeuristicType>
      </constructionHeuristic>
      <localSearch>
        <acceptor>
          <entityTabuSize>7</entityTabuSize>
        </acceptor>
        <forager>
          <acceptedCountLimit>1000</acceptedCountLimit>
        </forager>
      </localSearch>
    </solver>
  </solverBenchmark>

  <solverBenchmark>
    <name>Simulated Annealing</name>
    <solver>
      <constructionHeuristic>
        <constructionHeuristicType>FIRST_FIT_DECREASING</constructionHeuristicType>
      </constructionHeuristic>
      <localSearch>
        <acceptor>
          <simulatedAnnealingStartingTemperature>0hard/400soft</simulatedAnnealingStartingTemperature>
        </acceptor>
        <forager>
          <acceptedCountLimit>4</acceptedCountLimit>
        </forager>
      </localSearch>
    </solver>
  </solverBenchmark>

  <solverBenchmark>
    <name>Late Acceptance</name>
    <solver>
      <constructionHeuristic>
        <constructionHeuristicType>FIRST_FIT_DECREASING</constructionHeuristicType>
      </constructionHeuristic>
      <localSearch>
        <acceptor>
          <lateAcceptanceSize>400</lateAcceptanceSize>
        </acceptor>
        <forager>
          <acceptedCountLimit>4</acceptedCountLimit>
        </forager>
      </localSearch>
    </solver>
  </solverBenchmark>

  <solverBenchmark>
    <name>Step Counting Hill Climbing</name>
    <solver>
      <constructionHeuristic>
        <constructionHeuristicType>FIRST_FIT_DECREASING</constructionHeuristicType>
      </constructionHeuristic>
      <localSearch>
        <acceptor>
      	  	<stepCountingHillClimbingSize>200</stepCountingHillClimbingSize>
     	</acceptor>
	    <forager>
	      <acceptedCountLimit>1</acceptedCountLimit>
	    </forager>
      </localSearch>
    </solver>
  </solverBenchmark>

</plannerBenchmark>
